{
  "divergence": [
    3.569532782421447e-05,
    3.1271916167696645e-09,
    1.6807421340109263e-13,
    0.0
  ],
  "energy_rel_err": [
    0.9999998807907104,
    0.9999999403953552,
    0.9999999403953552,
    0.9999998807907104
  ],
  "l2": [
    0.3669736385345459,
    0.33206844329833984,
    0.30046796798706055,
    0.27187463641166687
  ],
  "residual": [
    1.6523188151040813e-07,
    1.2959553569169557e-11,
    7.512218742168142e-16,
    2.6645379705984236e-18
  ],
  "spectral_ratio": [
    [
      16076.173828125,
      4.9611248442715805e-08,
      1.3594760872592815e-08,
      1.2924989967189049e-08,
      9.870400496936327e-09,
      1.3861957803840141e-08,
      1.4235817857866095e-08,
      1.404740235244617e-08,
      1.1343230355009837e-08,
      1.088434675722283e-08,
      1.160146467782397e-08,
      1.0258217386649449e-08,
      1.1404842403806015e-08,
      2.9844521520772105e-08,
      1.0949479545274698e-08,
      1.1553933809693717e-08,
      1.0859559473885838e-08,
      1.5144502540920257e-08,
      1.1636186236785306e-08,
      5.3614190420603336e-08,
      1.2844211028095742e-08,
      1.617361533590156e-08,
      0.18888334929943085,
      1.5305566591905517e-08,
      1.7136020602492863e-08,
      1.6098121946583888e-08,
      2.3882243738171383e-08,
      1.389078761349083e-06,
      7.112933531061572e-08,
      2.0286535118430038e-07,
      8.774921411713876e-07,
      1.989094016607851e-06
    ],
    [
      0.0562431700527668,
      3.1139220777003627e-16,
      8.274905736721635e-17,
      8.409922126769481e-17,
      7.976709772874229e-17,
      1.0963017734392361e-16,
      1.078533536834903e-16,
      1.0018427767438047e-16,
      8.90752155780137e-17,
      8.005561170895589e-17,
      8.103150616075615e-17,
      7.34948121368793e-17,
      7.86940260985793e-17,
      1.5051730474083594e-16,
      7.805689850356646e-17,
      8.201203282398671e-17,
      7.692725433694974e-17,
      8.512599725333443e-17,
      8.040105556764783e-17,
      2.2030184787094539e-16,
      7.993427423926171e-17,
      1.1788234289298943e-16,
      2.4388389086027473e-09,
      9.944057612924629e-17,
      9.992972442139585e-17,
      1.0080297568534563e-16,
      1.332985939959239e-16,
      6.242410051599066e-15,
      3.3878257983650057e-16,
      8.791772123278906e-16,
      3.5341573045085273e-15,
      9.549944114586179e-15
    ],
    [
      0.053389668464660645,
      1.4966060045713152e-24,
      4.207710605777078e-25,
      3.619585218650868e-25,
      4.38829812331447e-25,
      7.90767236902285e-25,
      6.133965955287718e-25,
      5.19036702527921e-25,
      4.363040769281556e-25,
      3.2158538494487737e-25,
      3.027078202234221e-25,
      2.595995053295851e-25,
      2.6244998025489137e-25,
      4.2604301800729985e-25,
      2.6795181668264545e-25,
      2.84128494227947e-25,
      2.6889660087616405e-25,
      2.681715637485561e-25,
      2.726721384723584e-25,
      5.414786612939075e-25,
      2.8626150015995473e-25,
      4.655890589202884e-25,
      1.1167016851624066e-17,
      3.3006706948639396e-25,
      2.9920646109559865e-25,
      3.1854834441548634e-25,
      3.938749466218106e-25,
      1.2920466410106357e-23,
      8.474354051554824e-25,
      2.23173246594184e-24,
      7.83434252167906e-24,
      2.2213073535349822e-23
    ],
    [
      0.053540438413619995,
      0.0,
      0.0,
      0.0,
      0.0,
      0.0,
      0.0,
      0.0,
      0.0,
      0.0,
      0.0,
      0.0,
      0.0,
      0.0,
      0.0,
      0.0,
      0.0,
      0.0,
      0.0,
      0.0,
      0.0,
      0.0,
      0.0,
      0.0,
      0.0,
      0.0,
      0.0,
      0.0,
      0.0,
      0.0,
      0.0,
      0.0
    ]
  ],
  "spectral_centers": [
    0.011048543266952038,
    0.03314562886953354,
    0.055242717266082764,
    0.07733979821205139,
    0.09943689405918121,
    0.12153397500514984,
    0.14363107085227966,
    0.1657281517982483,
    0.18782523274421692,
    0.20992231369018555,
    0.23201940953731537,
    0.2541164755821228,
    0.2762135863304138,
    0.29831066727638245,
    0.3204077482223511,
    0.3425048589706421,
    0.36460191011428833,
    0.38669902086257935,
    0.408796101808548,
    0.4308931827545166,
    0.4529902935028076,
    0.47508734464645386,
    0.4971844553947449,
    0.5192815065383911,
    0.5413786172866821,
    0.5634757280349731,
    0.5855727791786194,
    0.6076698899269104,
    0.6297669410705566,
    0.6518640518188477,
    0.6739611625671387,
    0.6960582137107849
  ]
}