{
  "fno": {
    "l2": [
      0.18501328825950622,
      0.19426395267248153,
      0.20351461708545684,
      0.21276528149843213,
      0.22201594591140747
    ],
    "divergence": [
      4.709278138476608e-09,
      4.04199513038468e-09,
      2.94026044185501e-10,
      3.6484316050352962e-09,
      2.725365231353096e-09
    ],
    "energy_err": [
      0.01850132882595062,
      0.018871355402469633,
      0.019241381978988645,
      0.01961140855550766,
      0.019981435132026673
    ]
  },
  "pino": {
    "l2": [
      0.18501328825950622,
      0.19426395267248153,
      0.20351461708545684,
      0.21276528149843213,
      0.22201594591140747
    ],
    "divergence": [
      2.6932290882314013e-06,
      1.0611336099839966e-10,
      1.3499665152097527e-08,
      6.167825563881822e-10,
      3.0830379692788445e-09
    ],
    "energy_err": [
      0.01850132882595062,
      0.018871355402469633,
      0.019241381978988645,
      0.01961140855550766,
      0.019981435132026673
    ]
  },
  "bayes_deeponet": {
    "l2": [
      0.18507180809974672,
      0.19432539850473407,
      0.2035789889097214,
      0.2128325793147087,
      0.22208616971969605
    ],
    "divergence": [
      3.1040777989017676e-09,
      3.3811532288975496e-09,
      2.883539689965567e-09,
      5.476554236761386e-10,
      2.9377178009991455e-09
    ],
    "energy_err": [
      0.018507180809974672,
      0.018877324426174166,
      0.01924746804237366,
      0.019617611658573154,
      0.01998775527477265
    ]
  },
  "divfree_fno": {
    "l2": [
      0.18503135740756987,
      0.19428292527794838,
      0.2035344931483269,
      0.21278606101870534,
      0.22203762888908385
    ],
    "divergence": [
      3.273825265304243e-10,
      1.0734112499063998e-07,
      4.6885704256319575e-09,
      1.3767335526165234e-09,
      1.533748858599288e-09
    ],
    "energy_err": [
      0.018503135740756987,
      0.018873198455572126,
      0.019243261170387268,
      0.019613323885202406,
      0.01998338660001755
    ]
  },
  "cvae_fno": {
    "l2": [
      0.1850312978029251,
      0.19428286269307135,
      0.20353442758321763,
      0.21278599247336386,
      0.2220375573635101
    ],
    "divergence": [
      9.345419879246367e-10,
      1.6811883166666845e-09,
      3.123712445026716e-09,
      2.9083876700668253e-09,
      1.7168515319986922e-09
    ],
    "energy_err": [
      0.01850312978029251,
      0.01887319237589836,
      0.01924325497150421,
      0.019613317567110062,
      0.019983380162715912
    ]
  }
}