{
  "l2": 0.15487881004810333,
  "div": 8.591202640673146e-05,
  "energy_err": 0.9974854588508606,
  "vorticity_l2": 0.0324983149766922,
  "enstrophy_rel_err": 0.99992835521698,
  "spectra_dist": 4099.0439453125,
  "pde_residual": 1.7899191107062506e-07,
  "mean_speed_pred": 0.005899751093238592,
  "mean_speed_true": 0.15675771236419678,
  "spectra_ratio_mean": 14531359.0,
  "spectra_ratio_std": 1023992000.0
}