model,l2,l2_ci,l2_rank,div,div_ci,div_rank,energy_err,energy_err_ci,energy_err_rank,vorticity_l2,vorticity_l2_ci,vorticity_l2_rank,enstrophy_rel_err,enstrophy_rel_err_ci,enstrophy_rel_err_rank,spectra_dist,spectra_dist_ci,spectra_dist_rank,pde_residual,pde_residual_ci,pde_residual_rank,coverage_90,coverage_90_ci,coverage_90_rank,sharpness,sharpness_ci,sharpness_rank,crps,crps_ci,crps_rank,avg_rank
fno,0.2220047265291214,"[0.222, 0.222]",3,1.910558921736083e-06,"[1.911e-06, 1.911e-06]",3,0.9999989867210388,"[1, 1]",2,0.03809886425733566,"[0.0381, 0.0381]",1,0.9999862313270569,"[1, 1]",2,15243.5048828125,"[1.524e+04, 1.524e+04]",1,2.292981804430383e-09,"[2.293e-09, 2.293e-09]",2,,,,,,,,,,2.0
cvae_fno,0.22200118005275726,"[0.222, 0.222]",2,2.1138108152740642e-08,"[2.114e-08, 2.114e-08]",1,0.9999989867210388,"[1, 1]",5,0.03809908404946327,"[0.0381, 0.0381]",4,0.9999862313270569,"[1, 1]",5,15243.5048828125,"[1.524e+04, 1.524e+04]",4,1.4886121224577664e-09,"[1.489e-09, 1.489e-09]",1,3.0517578125e-05,"[3.052e-05, 3.052e-05]",1,4.925036940772731e-12,"[4.925e-12, 4.925e-12]",1,0.13048644363880157,"[0.1305, 0.1305]",1,2.5
pino,0.2220047265291214,"[0.222, 0.222]",4,1.910558921736083e-06,"[1.911e-06, 1.911e-06]",4,0.9999989867210388,"[1, 1]",3,0.03809886425733566,"[0.0381, 0.0381]",2,0.9999862313270569,"[1, 1]",3,15243.5048828125,"[1.524e+04, 1.524e+04]",2,2.292981804430383e-09,"[2.293e-09, 2.293e-09]",3,,,,,,,,,,3.0
divfree_fno,0.22200116515159607,"[0.222, 0.222]",1,4.2657788412725495e-08,"[4.266e-08, 4.266e-08]",2,0.9999989867210388,"[1, 1]",4,0.038099080324172974,"[0.0381, 0.0381]",3,0.9999862313270569,"[1, 1]",4,15243.5048828125,"[1.524e+04, 1.524e+04]",3,2.5263668934627503e-09,"[2.526e-09, 2.526e-09]",4,,,,,,,,,,3.0
bayes_deeponet,0.22209902107715607,"[0.2221, 0.2221]",5,3.817120523308404e-05,"[3.817e-05, 3.817e-05]",5,0.9950281977653503,"[0.995, 0.995]",1,0.03809914365410805,"[0.0381, 0.0381]",5,0.999981164932251,"[1, 1]",1,15243.5185546875,"[1.524e+04, 1.524e+04]",5,8.056751710228127e-08,"[8.057e-08, 8.057e-08]",5,,,,,,,,,,3.857142857142857
