{
  "l2": 0.15485788881778717,
  "div": 2.5986938823052697e-08,
  "energy_err": 0.9999984502792358,
  "vorticity_l2": 0.0324973426759243,
  "enstrophy_rel_err": 0.9999810457229614,
  "spectra_dist": 4099.068359375,
  "pde_residual": 1.5125189989362298e-09,
  "mean_speed_pred": 5.886016424483387e-06,
  "mean_speed_true": 0.15675771236419678,
  "spectra_ratio_mean": 6.32864102954045e-05,
  "spectra_ratio_std": 0.0040573496371507645,
  "coverage_90": 3.814697265625e-05,
  "sharpness": 1.3182842838188602e-11,
  "crps": 0.0993245393037796
}