{
  "l2": 0.1548580527305603,
  "div": 5.973021632854625e-09,
  "energy_err": 0.9999984502792358,
  "vorticity_l2": 0.03249742463231087,
  "enstrophy_rel_err": 0.9999810457229614,
  "spectra_dist": 4099.068359375,
  "pde_residual": 3.767949285915506e-10,
  "mean_speed_pred": 1.4605368505726801e-06,
  "mean_speed_true": 0.15675771236419678,
  "spectra_ratio_mean": 6.324840796878561e-05,
  "spectra_ratio_std": 0.00405733659863472
}