{
  "l2": 0.15485209226608276,
  "div": 4.474128218134865e-06,
  "energy_err": 0.9999984502792358,
  "vorticity_l2": 0.032496631145477295,
  "enstrophy_rel_err": 0.9999810457229614,
  "spectra_dist": 4099.068359375,
  "pde_residual": 2.602889903613459e-09,
  "mean_speed_pred": 2.5221930627594702e-05,
  "mean_speed_true": 0.15675771236419678,
  "spectra_ratio_mean": 1.8092241287231445,
  "spectra_ratio_std": 268.0414733886719
}